date,time,match_number,crashNumber,players,max_bet,min_bet,total bet,total_profit
2019-04-10,00:06:56,1,55.22,11,141115,33,181941,542462
2019-04-10,00:08:11,2,1.03,13,37500,10,79021,-79021
2019-04-10,00:08:19,3,1.05,11,37500,13,74054,-74054
2019-04-10,00:08:29,4,2.26,8,35279,17,36313,-36126
2019-04-10,00:08:50,5,2.36,11,135279,22,175960,-170411
2019-04-10,00:09:13,6,2.83,8,135279,29,184760,151770
2019-04-10,00:09:38,7,324.40,13,70000,38,113085,633635
2019-04-10,00:11:22,8,2.48,12,43550,10,79456,-78316
2019-04-10,00:11:46,9,1.00,14,68550,10,115394,-115394
2019-04-10,00:11:54,10,11.48,14,62500,10,110512,330573
2019-04-10,00:12:43,11,2.50,14,33820,10,42577,-42360
2019-04-10,00:13:06,12,2.10,15,51733,10,100965,-92794
2019-04-10,00:13:26,13,1.45,16,65982,10,121112,-118693
2019-04-10,00:13:41,14,1.08,16,33820,10,55469,-55469
2019-04-10,00:13:50,15,1.42,15,39359,10,98998,-98987
2019-04-10,00:14:04,16,2.85,14,33820,10,55388,-52662
2019-04-10,00:14:29,17,3.23,12,45000,10,101475,-49575
2019-04-10,00:14:57,18,4.58,13,133820,10,218963,90672
2019-04-10,00:15:30,19,1.28,14,133820,10,239204,-230116
2019-04-10,00:15:43,20,3.08,17,133820,10,226885,-117561
2019-04-10,00:16:09,21,51.41,14,133820,10,252450,1152064
2019-04-10,00:17:23,22,1.03,15,133820,10,236506,-236506
2019-04-10,00:17:32,23,2.45,12,75000,10,137289,-137091
2019-04-10,00:17:55,24,1.20,14,75000,10,162327,-160396
2019-04-10,00:18:06,25,2.57,15,133455,10,252432,-118660
2019-04-10,00:18:30,26,1.06,12,74715,10,187892,-187892
2019-04-10,00:18:39,27,1.18,13,75000,10,156880,-156869
2019-04-10,00:18:50,28,2.57,13,122000,10,143716,-117486
2019-04-10,00:19:13,29,1.00,13,122000,10,172378,-172378
2019-04-10,00:19:22,30,1.14,13,37500,10,82594,-82583
2019-04-10,00:19:32,31,4.42,12,30500,10,41337,-27475
2019-04-10,00:20:05,32,4.83,11,130500,10,144607,435670
2019-04-10,00:20:39,33,13.08,13,130500,10,178289,990075
2019-04-10,00:21:30,34,6.79,11,66500,10,134730,-133160
2019-04-10,00:22:10,35,2.67,11,75000,10,141812,-141430
2019-04-10,00:22:34,36,7.87,13,75000,10,153513,194521
2019-04-10,00:23:17,37,1.65,10,93750,10,159755,-159575
2019-04-10,00:23:33,38,7.05,9,65250,13,71182,-59455
2019-04-10,00:24:14,39,8.17,10,65250,10,66212,-64751
2019-04-10,00:24:57,40,41.03,9,65250,10,65644,1575390
2019-04-10,00:26:07,41,1.20,11,39530,10,40622,-40622
2019-04-10,00:26:18,42,1.17,12,65250,10,112337,-112236
2019-04-10,00:26:29,43,2.09,10,65250,10,107072,-98865
2019-04-10,00:26:49,44,2.96,11,65250,10,113256,-88718
2019-04-10,00:27:15,45,5.79,16,75762,10,143607,128129
2019-04-10,00:27:52,46,46.96,11,65250,10,66909,923083
2019-04-10,00:29:05,47,1.00,16,80697,10,156132,-156132
2019-04-10,00:29:13,48,3.45,13,165250,10,229109,-228084
2019-04-10,00:29:42,49,1.57,18,165250,10,247467,-247306
2019-04-10,00:29:57,50,6.69,16,82625,10,165469,238147
2019-04-10,00:30:37,51,2.69,19,82625,10,121955,-86315
2019-04-10,00:31:01,52,3.94,17,82625,10,166433,-161796
2019-04-10,00:31:32,53,1.94,18,82625,10,127289,-127001
2019-04-10,00:31:51,54,31.78,17,82625,10,147724,1639543
2019-04-10,00:32:57,55,27.25,19,82625,10,134197,1740177
2019-04-10,00:34:00,56,2.55,16,5000,10,7931,5019
2019-04-10,00:34:24,57,1.70,17,82625,10,85909,-85080
2019-04-10,00:34:41,58,1.01,19,82625,10,163466,-163466
2019-04-10,00:34:49,59,1.70,16,82625,10,84373,-83403
2019-04-10,00:35:06,60,2.35,23,82625,10,159997,-139930
2019-04-10,00:35:28,61,61.74,18,82625,10,159913,3035896
2019-04-10,00:36:45,62,1.10,23,75000,10,84469,-84458
2019-04-10,00:36:55,63,1.10,17,2000,10,4288,-4277
2019-04-10,00:37:05,64,2.46,22,82625,10,98264,-93071
2019-04-10,00:37:28,65,1.38,22,82625,10,99656,-89520
2019-04-10,00:37:41,66,2.46,21,94500,10,112303,-78451
2019-04-10,00:38:04,67,1.12,17,82625,10,88953,-88942
2019-04-10,00:38:14,68,1.79,17,125000,10,131470,-131238
2019-04-10,00:38:32,69,1.12,18,500,10,2272,-2261
2019-04-10,00:38:42,70,1.12,17,82625,10,158828,-158817
2019-04-10,00:38:52,71,3.80,19,82625,10,85288,-83199
2019-04-10,00:39:22,72,1.43,21,165250,10,244077,-244066
2019-04-10,00:39:37,73,1.63,20,165250,10,247855,-242174
2019-04-10,00:39:53,74,17.68,20,165250,10,227702,1853192
2019-04-10,00:40:49,75,1.65,16,81170,10,84903,-84742
2019-04-10,00:41:05,76,1.21,17,165250,10,242000,-241989
2019-04-10,00:41:16,77,16.30,17,165250,10,264176,3626236
2019-04-10,00:42:11,78,2.28,16,1000,10,2810,-1049
2019-04-10,00:42:33,79,4.44,19,165250,10,169244,-164975
2019-04-10,00:43:06,80,1.86,18,165250,10,178304,-166499
2019-04-10,00:43:24,81,13.78,19,165250,10,180432,-146594
2019-04-10,00:44:16,82,1.82,19,165250,10,303871,-303404
2019-04-10,00:44:34,83,111.32,17,165250,10,307474,2494306
2019-04-10,00:46:00,84,29.35,21,506,10,3610,28657
2019-04-10,00:47:05,85,3.04,21,2777,10,8162,-4641
2019-04-10,00:47:31,86,3.55,22,5201,10,17516,-3954
2019-04-10,00:48:01,87,2.97,30,199800,10,215866,-203117
2019-04-10,00:48:27,88,1.84,25,150000,10,160765,-156691
2019-04-10,00:48:45,89,1.00,27,2915,10,13490,-13490
2019-04-10,00:48:53,90,3.66,26,1220,10,7940,505
2019-04-10,00:49:23,91,2.67,26,1500,10,11060,-4057
2019-04-10,00:49:47,92,26.08,28,150000,10,169647,181318
2019-04-10,00:50:50,93,14.02,23,180000,10,187906,2054976
2019-04-10,00:51:42,94,1.67,29,158600,10,174567,-170079
2019-04-10,00:51:58,95,2.92,26,3145,10,15393,5668
2019-04-10,00:52:24,96,46.24,28,13334,10,30322,71933
2019-04-10,00:53:36,97,1.65,27,152090,10,166842,-166490
2019-04-10,00:53:52,98,1.00,29,15000,10,33358,-33358
2019-04-10,00:54:01,99,12.55,29,135000,10,155296,-93939
2019-04-10,00:54:51,100,1.04,31,9500,10,26334,-22109
2019-04-10,00:55:00,101,1.29,24,5000,10,15960,-12394
2019-04-10,00:55:12,102,1.16,29,6368,10,22639,-22103
2019-04-10,00:55:23,103,1.24,24,5000,10,14890,-8978
2019-04-10,00:55:34,104,1.56,20,5000,10,13815,-8074
2019-04-10,00:55:50,105,6.98,25,5000,10,24201,49406
2019-04-10,00:56:30,106,3.07,23,5000,10,16670,10970
2019-04-10,00:56:57,107,1.19,21,151093,10,167060,-167049
2019-04-10,00:57:08,108,6.90,23,5000,10,15984,14384
2019-04-10,00:57:48,109,2.85,21,5000,10,15212,3258
2019-04-10,00:58:14,110,1.53,21,6004,10,18820,-10338
2019-04-10,00:58:29,111,4.44,20,150000,10,168228,-149940
2019-04-10,00:59:02,112,2.08,25,49950,10,77947,-7092
2019-04-10,00:59:22,113,1.32,22,18412,10,34451,-11115
2019-04-10,00:59:35,114,6.91,21,225000,10,253855,630460
2019-04-10,01:00:15,115,1.13,20,5000,10,15218,-9587
2019-04-10,01:00:25,116,1.48,22,171500,10,190787,-190596
2019-04-10,01:00:40,117,6.71,22,5000,10,16439,12055
2019-04-10,01:01:20,118,4.05,25,7800,10,31107,13877
2019-04-10,01:01:51,119,1.10,18,10000,10,21008,-15847
2019-04-10,01:02:01,120,7.98,19,5000,10,18987,19308
2019-04-10,01:02:44,121,14.15,19,5996,10,22248,18155
2019-04-10,01:03:36,122,2.08,20,8528,10,28409,-21622
2019-04-10,01:03:56,123,23.28,19,150000,10,172876,1529855
2019-04-10,01:04:56,124,1.07,22,175000,10,204743,-204743
2019-04-10,01:05:06,125,7.12,23,157500,10,184706,-121253
2019-04-10,01:05:46,126,2.06,21,175000,10,207259,-199425
2019-04-10,01:06:07,127,1.92,22,225000,10,254678,-254098
2019-04-10,01:06:26,128,1.08,20,250000,10,271967,-271967
2019-04-10,01:06:35,129,1.57,22,15000,10,38874,-23106
2019-04-10,01:06:51,130,3.70,20,15000,10,44981,-5815
2019-04-10,01:07:21,131,1.09,20,7500,10,27836,-19445
2019-04-10,01:07:30,132,1.54,18,7500,10,21319,-12683
2019-04-10,01:07:45,133,1.62,20,7500,10,21212,-20100
2019-04-10,01:08:01,134,1.41,13,7500,10,22750,-22739
2019-04-10,01:08:15,135,1.74,17,7500,10,16990,-8920
2019-04-10,01:08:33,136,1.71,19,7500,10,21375,-12732
2019-04-10,01:08:50,137,268.69,16,15000,10,24527,126600
2019-04-10,01:10:31,138,2.82,21,75000,10,92426,-86498
2019-04-10,01:10:56,139,7.80,16,150000,10,166185,-111066
2019-04-10,01:11:39,140,9.65,16,5264,10,14188,6558
2019-04-10,01:12:24,141,1.00,20,175000,10,194260,-194260
2019-04-10,01:12:32,142,5.36,16,75000,10,88993,-58577
2019-04-10,01:13:09,143,2.58,19,225000,10,250883,-240591
2019-04-10,01:13:32,144,4.00,20,162500,10,185524,-166316
2019-04-10,01:14:04,145,1.79,23,162500,10,186099,-185340
2019-04-10,01:14:21,146,49.08,19,150000,10,166287,742623
2019-04-10,01:15:34,147,3.22,22,169500,10,197274,-174377
2019-04-10,01:16:02,148,3.73,20,225000,10,252602,-228796
2019-04-10,01:16:32,149,2.64,22,230000,10,250798,-229172
2019-04-10,01:16:56,150,1.36,22,245000,10,266992,-266966
2019-04-10,01:17:09,151,27.51,17,7500,10,15027,11877
2019-04-10,01:18:13,152,111.64,22,14528,10,33989,139649
2019-04-10,01:19:39,153,1.01,21,157929,10,183165,-183165
2019-04-10,01:19:47,154,1.71,19,175000,10,191165,-190794
2019-04-10,01:20:05,155,2.27,20,175000,10,195679,-189312
2019-04-10,01:20:34,156,5.19,18,125000,10,149359,496162
2019-04-10,01:21:10,157,1.32,15,8500,10,20674,-11568
2019-04-10,01:21:23,158,1.57,19,125000,10,152968,-151631
2019-04-10,01:21:38,159,1.70,13,17000,10,30757,-13049
2019-04-10,01:21:55,160,4.85,17,138750,10,169779,-161972
2019-04-10,01:22:30,161,9.39,19,125000,10,159300,657467
2019-04-10,01:23:15,162,1.80,20,288750,10,315141,-311841
2019-04-10,01:23:33,163,1.00,21,37049,10,66624,-66624
2019-04-10,01:23:41,164,4.77,18,23691,10,61288,-10119
2019-04-10,01:24:15,165,11.34,16,165000,10,180508,1180213
2019-04-10,01:25:04,166,1.86,18,165000,10,185421,-182097
2019-04-10,01:25:22,167,1.78,15,5632,10,12301,-10394
2019-04-10,01:25:40,168,1.67,18,193200,10,205941,-202690
2019-04-10,01:25:56,169,12.74,15,10000,10,20565,33155
2019-04-10,01:26:47,170,14.73,18,225000,10,241691,1379120
2019-04-10,01:27:40,171,1.09,22,225000,10,246796,-246796
2019-04-10,01:27:49,172,1.66,20,5000,10,13964,-13649
2019-04-10,01:28:06,173,4.86,19,225000,10,246792,-219069
2019-04-10,01:28:40,174,1.00,32,250680,10,291150,-291150
2019-04-10,01:28:48,175,24.89,26,11264,10,29337,73111
2019-04-10,01:29:50,176,1.46,21,175000,10,196094,-196083
2019-04-10,01:30:04,177,1.11,23,225000,10,262210,-262199
2019-04-10,01:30:14,178,4.48,24,225000,10,252029,-228968
2019-04-10,01:30:47,179,1.25,23,275000,10,308711,-307175
2019-04-10,01:30:59,180,1.67,24,275000,10,304297,-303248
2019-04-10,01:31:16,181,1.20,26,375000,10,418211,-418200
2019-04-10,01:31:27,182,2.20,23,10000,10,30624,-24295
2019-04-10,01:31:48,183,1.01,22,150000,10,186899,-186899
2019-04-10,01:31:57,184,1.26,22,162500,10,175918,-175907
2019-04-10,01:32:09,185,9.38,23,162500,10,193301,-50075
2019-04-10,01:32:54,186,1.32,20,175000,10,198106,-197505
2019-04-10,01:33:07,187,3.82,17,20000,10,32032,-26304
2019-04-10,01:33:37,188,1.09,16,87500,10,112882,-112882
2019-04-10,01:33:47,189,2.19,19,162500,10,199569,-198445
2019-04-10,01:34:08,190,2.37,17,30000,10,36244,-35418
2019-04-10,01:34:30,191,29.89,22,2908,10,14955,48809
2019-04-10,01:35:35,192,3.19,18,175000,10,196989,-187144
2019-04-10,01:36:37,193,15.34,18,2908,10,10939,15644
2019-04-10,01:37:39,194,3.08,22,179763,10,197317,-176690
2019-04-10,01:38:06,195,4.66,23,332500,10,342639,348271
2019-04-10,01:38:39,196,8.60,23,5000,10,16557,12636
2019-04-10,01:39:23,197,5.75,23,225825,10,235719,-209290
2019-04-10,01:40:00,198,2.06,21,240000,10,255077,-252463
2019-04-10,01:40:20,199,1.22,22,150000,10,165590,-165579
2019-04-10,01:40:32,200,1.28,22,150000,10,163634,-163623
2019-04-10,01:40:44,201,2.08,21,8000,10,15488,-14097
2019-04-10,01:41:04,202,5.04,21,16000,10,25004,20352
2019-04-10,01:41:39,203,2.44,19,1000,10,5833,-4282
2019-04-10,01:42:02,204,1.12,18,4000,10,9670,-9592
2019-04-10,01:42:12,205,1.02,17,3000,10,7798,-7798
2019-04-10,01:42:21,206,1.02,19,66557,10,77082,-77082
2019-04-10,01:42:29,207,1.70,18,68750,10,82071,-11198
2019-04-10,01:42:46,208,1.57,19,68750,10,98065,-95454
2019-04-10,01:43:02,209,5.35,18,68750,10,107188,-41610
2019-04-10,01:43:38,210,1.03,18,163875,10,182870,-182870
2019-04-10,01:43:47,211,45.39,20,75000,10,92337,314673
2019-04-10,01:44:58,212,4.54,15,40000,10,49591,21565
2019-04-10,01:45:31,213,5.12,17,93750,10,108704,-93261
2019-04-10,01:46:07,214,1.94,17,150000,10,164668,-163978
2019-04-10,01:46:26,215,1.85,18,165250,10,177438,-177068
2019-04-10,01:46:44,216,1.97,19,82625,10,106282,-94932
2019-04-10,01:47:03,217,18.01,19,82625,10,186009,670760
2019-04-10,01:48:00,218,2.53,16,82625,10,92050,94966
2019-04-10,01:48:23,219,1.22,14,90500,10,139660,-139649
2019-04-10,01:48:35,220,1.40,16,56250,10,103630,-103541
2019-04-10,01:48:49,221,1.07,15,41313,10,47701,-47701
2019-04-10,01:48:58,222,1.02,17,93750,10,126884,-126884
2019-04-10,01:49:06,223,1.23,13,2000,10,6332,-6321
2019-04-10,01:49:18,224,1.15,15,20657,10,28057,-28046
2019-04-10,01:49:28,225,1.03,15,20657,10,30598,-30598
2019-04-10,01:49:37,226,2.42,15,20657,10,28797,-24423
2019-04-10,01:50:00,227,2.89,16,120657,10,130359,-121390
2019-04-10,01:50:25,228,1.11,20,120657,10,142612,-142601
2019-04-10,01:50:35,229,1.00,20,60329,10,83495,-83495
2019-04-10,01:50:43,230,3.59,19,60329,10,81604,-23870
2019-04-10,01:51:13,231,2.92,16,60329,10,78457,-67288
2019-04-10,01:51:39,232,1.46,18,75000,10,153110,-153099
2019-04-10,01:51:53,233,1.02,17,120658,10,232183,-232183
2019-04-10,01:52:10,234,2.24,16,30165,10,97747,-64643
2019-04-10,01:52:32,235,1.89,15,130165,10,232402,-226773
2019-04-10,01:52:50,236,1.19,16,130165,10,239834,-239823
2019-04-10,01:53:01,237,1.54,14,130165,10,177033,-163268
2019-04-10,01:53:17,238,7.60,15,65083,10,104001,477191
2019-04-10,01:53:58,239,2.01,11,65083,10,77834,-75832
2019-04-10,01:54:18,240,1.12,9,65083,10,76001,-75990
2019-04-10,01:54:28,241,2.06,8,65083,10,81723,-81525
2019-04-10,01:54:48,242,1.45,9,81852,10,119586,-119575
2019-04-10,01:55:03,243,1.77,10,85000,10,123163,-122965
2019-04-10,01:55:20,244,1.05,11,75000,10,87793,-87793
2019-04-10,01:55:29,245,7.66,11,132542,10,223098,585803
2019-04-10,01:56:11,246,1.55,15,132542,10,223657,-223496
2019-04-10,01:56:27,247,1.93,13,132542,10,215639,-215412
2019-04-10,01:56:46,248,3.46,13,75000,10,116722,-110387
2019-04-10,01:57:14,249,3.54,11,66272,10,80594,-65021
2019-04-10,01:57:43,250,13.69,11,66272,10,74640,-41421
2019-04-10,01:58:35,251,1.97,11,99641,10,173530,-170822
2019-04-10,01:58:55,252,2.37,10,85000,10,156015,-153285
2019-04-10,01:59:17,253,1.08,11,165000,10,235307,-234032
2019-04-10,01:59:26,254,71.09,11,132544,10,218766,803843
2019-04-10,02:00:46,255,2.31,12,132544,10,140164,-139947
2019-04-10,02:01:07,256,4.71,13,65250,10,106461,-89661
2019-04-10,02:01:41,257,2.95,13,45000,10,89467,-80144
2019-04-10,02:02:07,258,2.96,13,133136,10,214520,-203562
2019-04-10,02:02:34,259,6.91,11,133136,10,209517,249354
2019-04-10,02:03:14,260,2.32,11,72500,10,78314,-77720
2019-04-10,02:03:36,261,2.32,12,87800,10,136160,-124111
2019-04-10,02:03:58,262,1.06,21,233284,10,317945,-317945
2019-04-10,02:04:07,263,1.83,16,233284,10,242577,-241868
2019-04-10,02:04:25,264,1.82,12,58321,10,63969,-62959
2019-04-10,02:04:43,265,3.23,13,75000,10,150013,-124945
2019-04-10,02:05:11,266,3.28,13,125000,10,187348,144942
2019-04-10,02:05:39,267,1.36,12,158321,10,163539,-163518
2019-04-10,02:05:52,268,1.13,10,158321,10,162578,-162567
2019-04-10,02:06:02,269,1.56,11,158321,10,164834,-162550
2019-04-10,02:06:18,270,1.10,13,158321,10,171273,-171262
2019-04-10,02:06:28,271,5.30,15,39581,10,56106,-14851
2019-04-10,02:07:03,272,3.26,17,77500,10,126410,11331
2019-04-10,02:07:31,273,3.68,12,75000,10,125386,-100724
2019-04-10,02:08:01,274,647.15,14,87500,10,136348,871842
2019-04-10,02:09:57,275,1.20,16,239581,10,270361,-267475
2019-04-10,02:10:08,276,2.62,13,59896,10,64084,-59651
2019-04-10,02:10:32,277,1.23,14,59896,10,68124,-68113
2019-04-10,02:10:44,278,1.00,18,87875,10,165664,-165664
2019-04-10,02:10:52,279,1.88,17,159896,10,244726,-244528
2019-04-10,02:11:19,280,1.08,13,129948,10,143781,-143781
2019-04-10,02:11:28,281,1.90,16,129948,10,139631,-139433
2019-04-10,02:11:47,282,1.03,11,129948,10,135984,-135984
2019-04-10,02:11:55,283,2382.37,13,4034,10,10823,81395
2019-04-10,02:14:13,284,1.46,20,58616,10,69466,-69455
2019-04-10,02:14:28,285,1.61,15,129948,10,209517,-209356
2019-04-10,02:14:44,286,1.19,16,129948,10,208701,-208690
2019-04-10,02:14:55,287,1.51,15,129948,10,176243,-176082
2019-04-10,02:15:11,288,3.51,14,129948,10,137546,-126088
2019-04-10,02:15:39,289,1.58,12,129948,10,134445,-134284
2019-04-10,02:15:55,290,2.76,11,129948,10,136503,-132725
2019-04-10,02:16:19,291,13.68,11,129948,10,175793,828965
2019-04-10,02:17:11,292,3.13,9,129948,10,134684,-127954
2019-04-10,02:17:38,293,1.07,6,2533,10,4638,-4638
2019-04-10,02:17:47,294,1.00,9,129948,10,133997,-133997
2019-04-10,02:17:55,295,1.66,8,129948,10,136078,-135917
2019-04-10,02:18:12,296,2.02,7,229948,10,231368,-231170
2019-04-10,02:18:32,297,1.18,11,229948,10,236671,-236660
2019-04-10,02:18:43,298,1.00,12,229948,10,239096,-239096
2019-04-10,02:18:51,299,1.28,12,229948,10,298388,-298377
2019-04-10,02:19:03,300,1.75,7,2500,10,3522,-3324
2019-04-10,02:19:20,301,1.03,8,2500,10,4327,-4327
2019-04-10,02:19:29,302,1.00,9,229948,10,233234,-233234
2019-04-10,02:19:37,303,1.01,8,229948,10,236079,-236079
2019-04-10,02:19:46,304,1.15,7,25000,10,30704,-30693
2019-04-10,02:19:56,305,1.09,11,28744,10,39174,-39174
2019-04-10,02:20:06,306,1.57,8,28744,10,36434,-36273
2019-04-10,02:20:22,307,1.00,7,5037,10,10831,-10831
2019-04-10,02:20:30,308,1.00,6,28744,10,34074,-34074
2019-04-10,02:20:38,309,1.00,6,5000,10,5554,-5554
2019-04-10,02:20:46,310,6.36,5,5000,10,5427,19921
2019-04-10,02:21:25,311,4.24,7,46382,10,56885,-28668
2019-04-10,02:21:57,312,2.32,7,28744,10,32445,-30857
2019-04-10,02:22:19,313,1.05,8,33750,10,39313,-39313
2019-04-10,02:22:28,314,1.15,7,33750,10,37236,-37225
2019-04-10,02:22:38,315,2.54,6,2500,10,3630,-3432
2019-04-10,02:23:02,316,8.82,7,67500,10,71317,231698
2019-04-10,02:23:46,317,2.06,8,67550,10,72922,-72676
2019-04-10,02:24:06,318,7.39,7,70000,10,72961,283726
2019-04-10,02:24:48,319,1.44,8,56300,10,61093,-61082
2019-04-10,02:25:02,320,1.81,7,75000,10,75705,-75507
2019-04-10,02:25:20,321,1.34,9,352,10,1044,-1033
2019-04-10,02:25:33,322,1.39,9,75000,10,76271,-76260
2019-04-10,02:25:47,323,1.21,8,500,10,1393,-1382
2019-04-10,02:25:58,324,4.71,9,1000,10,2112,1542
2019-04-10,02:26:32,325,1.51,7,1000,10,1783,-1622
2019-04-10,02:26:47,326,32.95,8,75000,10,76781,317535
2019-04-10,02:27:53,327,2.42,7,2500,10,3105,-2468
2019-04-10,02:28:16,328,2.76,6,1000,10,1525,181
2019-04-10,02:28:41,329,3.11,7,75000,10,78053,-77579
2019-04-10,02:30:30,330,3.59,10,75000,10,78721,-74804
2019-04-10,02:31:00,331,2.55,10,87500,10,91242,-90036
2019-04-10,02:31:23,332,1.17,17,2500,10,6553,-6542
2019-04-10,02:31:34,333,1.00,13,88204,10,93947,-93947
2019-04-10,02:31:42,334,1.06,9,350,10,1022,-1022
2019-04-10,02:31:52,335,3.45,10,5000,10,7971,-5078
2019-04-10,02:32:20,336,10.55,16,87500,10,99080,383733
2019-04-10,02:33:07,337,1.68,8,84625,10,87105,-86929
2019-04-10,02:33:24,338,1.54,8,2229,10,3890,-1779
2019-04-10,02:33:39,339,1.16,10,75000,10,76217,-76206
2019-04-10,02:33:50,340,275.51,11,75000,10,76222,485152
2019-04-10,02:35:32,341,1.87,10,90750,10,96653,-96291
2019-04-10,02:35:50,342,1.53,9,5000,10,5466,-5147
2019-04-10,02:36:05,343,7.55,10,87500,10,93392,-80861
2019-04-10,02:36:47,344,1.12,9,87500,10,92773,-92762
2019-04-10,02:36:57,345,74.01,9,87500,10,92849,295701
2019-04-10,02:38:17,346,6.20,8,1250,10,1585,1238
2019-04-10,02:38:55,347,1.92,12,87875,10,93785,-92889
2019-04-10,02:39:14,348,1.30,11,87500,10,93200,-92839
2019-04-10,02:39:27,349,3.99,9,5000,10,5575,8386
2019-04-10,02:39:58,350,4.38,11,87500,10,93047,-86964
2019-04-10,02:40:31,351,10.92,12,97500,10,101458,414839
2019-04-10,02:41:18,352,3.27,11,97500,10,101143,-98558
2019-04-10,02:41:46,353,3.15,10,1250,10,2270,1299
2019-04-10,02:42:13,354,89.17,11,88950,10,95413,676128
2019-04-10,02:43:36,355,2.74,10,4200,10,7468,1553
2019-04-10,02:44:01,356,1.22,11,132854,10,141716,-141705
2019-04-10,02:44:13,357,1.17,12,150000,10,157264,-157253
2019-04-10,02:44:23,358,1.18,11,150000,10,152198,-152187
2019-04-10,02:44:34,359,13.76,11,876,10,2027,10312
2019-04-10,02:45:26,360,1.30,10,1820,10,3875,-3864
2019-04-10,02:45:38,361,1.90,10,75000,10,81189,-81028
2019-04-10,02:45:58,362,1.24,11,5000,10,7971,-7960
2019-04-10,02:46:09,363,3.03,11,75000,10,84671,-84096
2019-04-10,02:46:36,364,5.70,12,125000,10,134741,513247
2019-04-10,02:47:13,365,5.67,13,10000,10,12239,6342
2019-04-10,02:47:49,366,1.15,11,137500,10,139850,-139839
2019-04-10,02:48:00,367,4.67,9,87500,10,90007,-89323
2019-04-10,02:48:34,368,1.76,8,137500,10,138602,-138441
2019-04-10,02:48:51,369,1.01,10,137500,10,151584,-151584
2019-04-10,02:49:00,370,12.95,16,137500,10,143266,579754
2019-04-10,02:49:50,371,1.62,19,176944,10,193670,-193509
2019-04-10,02:50:06,372,1.34,13,150000,10,152519,-152508
2019-04-10,02:50:19,373,1.53,16,150000,10,171660,-158499
2019-04-10,02:50:35,374,1.28,13,175000,10,185694,-185683
2019-04-10,02:50:47,375,8.24,16,175000,10,189976,955733
2019-04-10,02:51:30,376,5.46,9,785,10,1969,5716
2019-04-10,02:52:06,377,1.67,12,185000,10,186921,-186760
2019-04-10,02:52:23,378,2.85,15,150000,10,157591,-145745
2019-04-10,02:52:48,379,1.67,12,125000,10,127601,-127440
2019-04-10,02:53:05,380,1.41,13,125000,10,130194,-130183
2019-04-10,02:53:19,381,1.85,12,2500,10,5657,-5496
2019-04-10,02:53:37,382,1.75,11,5000,10,7406,-7245
2019-04-10,02:53:55,383,27.50,15,5000,10,9787,35401
2019-04-10,02:54:58,384,7.53,24,15066,10,35732,56107
2019-04-10,02:55:40,385,1.15,18,125694,10,146797,-146786
2019-04-10,02:55:50,386,1.56,13,125000,10,139348,-132013
2019-04-10,02:56:06,387,1.98,19,5000,10,19105,-16304
2019-04-10,02:56:25,388,1.00,16,150000,10,162460,-162460
2019-04-10,02:56:33,389,1.03,16,87500,10,107542,-107542
2019-04-10,02:56:42,390,2.96,12,87500,10,95188,-94367
2019-04-10,02:57:09,391,3520.91,16,87500,10,96979,663650
2019-04-10,02:59:34,392,7.53,13,2771,10,7811,4979
2019-04-10,03:00:14,393,1.80,12,140230,10,156857,-135154
2019-04-10,03:00:32,394,2.01,12,2500,10,5136,957
2019-04-10,03:00:52,395,1.93,11,547,10,1497,-1336
2019-04-10,03:01:11,396,2.36,13,87500,10,89374,-89153
2019-04-10,03:01:33,397,5.24,12,776,10,2686,4767
2019-04-10,03:02:09,398,1.94,11,732,10,1362,-756
2019-04-10,03:02:28,399,1.02,12,112500,10,139548,-139548
2019-04-10,03:02:36,400,1.00,11,150000,10,151536,-151536
2019-04-10,03:02:44,401,1.00,12,5000,10,6697,-6697
2019-04-10,03:02:53,402,1.30,11,5000,10,7976,-7296
2019-04-10,03:03:05,403,1.38,12,30000,10,46941,-35101
2019-04-10,03:03:19,404,1.09,16,10000,10,21207,-19201
2019-04-10,03:03:28,405,1.00,18,28294,10,41743,-41743
2019-04-10,03:03:36,406,1.45,12,5000,10,9765,-8989
2019-04-10,03:03:51,407,1.57,10,5120,10,11684,-10454
2019-04-10,03:04:06,408,2.44,10,10240,10,12570,9067
2019-04-10,03:04:29,409,1.50,9,75000,10,81330,-80925
2019-04-10,03:04:44,410,475.88,9,75000,10,81595,417614
2019-04-10,03:06:35,411,5.95,8,780,10,1942,1978
2019-04-10,03:07:13,412,1.04,7,75000,10,75730,-75730
2019-04-10,03:07:22,413,1.93,9,95000,10,96775,-95883
2019-04-10,03:07:40,414,53.46,8,5000,10,6895,35521
2019-04-10,03:08:55,415,1.26,7,125000,10,126389,-126378
2019-04-10,03:09:07,416,1.17,9,75000,10,77931,-77920
2019-04-10,03:09:17,417,35.22,9,75000,10,77653,775518
2019-04-10,03:10:25,418,1.55,20,89907,10,104382,-97633
2019-04-10,03:10:40,419,1.02,12,1600,10,4601,-4601
2019-04-10,03:10:49,420,14.45,12,125000,10,134629,917305
2019-04-10,03:11:41,421,1.55,7,517,10,1635,-1474
2019-04-10,03:11:57,422,2.34,9,1500,10,3738,-552
2019-04-10,03:12:19,423,1.31,10,1979,10,5613,-5602
2019-04-10,03:12:32,424,6.05,9,128750,10,137484,-121485
2019-04-10,03:13:10,425,2.11,11,75000,10,79542,-77198
2019-04-10,03:13:30,426,3.90,12,125000,10,134403,-124328
2019-04-10,03:14:01,427,11.63,10,150000,10,153278,648110
2019-04-10,03:14:50,428,1.33,10,6003,10,10632,-3138
2019-04-10,03:15:03,429,1.30,9,150000,10,151932,-151921
2019-04-10,03:15:15,430,1.26,11,6003,10,9686,-2663
2019-04-10,03:15:27,431,1971.34,13,15000,10,24116,10467
2019-04-10,03:17:42,432,2.43,18,70250,10,83074,-75626
2019-04-10,03:18:04,433,2.24,12,70250,10,78248,-71083
2019-04-10,03:18:26,434,4.23,12,2500,10,6291,1038
2019-04-10,03:18:58,435,1.00,9,150000,10,151853,-151853
2019-04-10,03:19:06,436,1.25,12,150000,10,155501,-155490
2019-04-10,03:19:18,437,1.85,11,516,10,2266,-1993
2019-04-10,03:19:36,438,1.31,11,6003,10,10067,-3753
2019-04-10,03:19:49,439,2.45,10,1000,10,5055,-2882
2019-04-10,03:20:12,440,1.33,9,1469,10,3834,-3823
2019-04-10,03:20:25,441,3.61,11,150000,10,154411,324604
2019-04-10,03:20:54,442,2.08,9,6003,10,9435,-2935
2019-04-10,03:21:15,443,1.78,12,150000,10,161000,-153730
2019-04-10,03:21:32,444,1.19,5,755,10,895,-884
2019-04-10,03:21:43,445,2.78,6,1000,10,2050,-1809
2019-04-10,03:22:09,446,1.00,10,175500,10,179222,-179222
2019-04-10,03:22:17,447,7.95,12,137500,10,147811,-134201
2019-04-10,03:22:59,448,1.00,12,137500,10,144218,-144218
2019-04-10,03:23:07,449,1.99,11,175000,10,180930,-180769
2019-04-10,03:23:27,450,2.22,10,175000,10,196503,-168759
2019-04-10,03:23:48,451,16.48,19,175728,10,184526,600168
2019-04-10,03:24:43,452,1.74,22,175728,10,208631,-192264
2019-04-10,03:25:01,453,29.61,10,6003,10,9372,9891
2019-04-10,03:26:05,454,1.34,16,171116,10,182231,-174576
2019-04-10,03:26:18,455,1.15,12,2405,10,6116,-2832
2019-04-10,03:26:28,456,12.86,9,650,10,2531,7922
2019-04-10,03:27:19,457,19.23,12,175000,10,193568,728199
2019-04-10,03:28:16,458,6.28,9,175000,10,183117,-176021
2019-04-10,03:28:55,459,2.29,15,180250,10,203787,-173075
2019-04-10,03:29:17,460,2.34,9,3440,10,4784,-4020
2019-04-10,03:29:39,461,1.71,14,150000,10,163758,-156605
2019-04-10,03:29:56,462,1.21,14,125000,10,144533,-138230
2019-04-10,03:30:07,463,2.41,8,500,10,1238,-276
2019-04-10,03:30:40,464,1.00,13,175000,10,186453,-186453
2019-04-10,03:30:48,465,3.09,14,175000,10,187069,-171667
2019-04-10,03:31:15,466,1.05,17,15000,10,22436,-21931
2019-04-10,03:31:24,467,1.60,9,783,10,2083,-1838
2019-04-10,03:31:40,468,1.61,16,175000,10,200317,-193313
2019-04-10,03:31:56,469,1.57,16,175000,10,197574,-190115
2019-04-10,03:32:12,470,1.55,15,175000,10,201984,-195096
2019-04-10,03:32:27,471,4.18,12,10000,10,23096,30256
2019-04-10,03:32:59,472,1.99,10,6050,10,13421,-1727
2019-04-10,03:33:18,473,1.69,9,500,10,1519,-1346
2019-04-10,03:33:35,474,1.40,12,5345,10,8136,-7603
2019-04-10,03:33:50,475,3.08,11,16032,10,21446,16024
2019-04-10,03:34:16,476,1.47,10,74688,10,78159,-78136
2019-04-10,03:34:30,477,3.60,13,150312,10,164946,-146092
2019-04-10,03:35:00,478,1.00,13,162500,10,174231,-174231
2019-04-10,03:35:08,479,1.86,10,162500,10,168197,-167952
2019-04-10,03:35:26,480,1.28,14,6050,10,14833,-13750
2019-04-10,03:35:39,481,1.40,13,12100,10,16681,-14388
2019-04-10,03:35:52,482,1.00,13,1000,10,4336,-4336
2019-04-10,03:36:00,483,1.88,10,98240,10,101365,-100100
2019-04-10,03:36:19,484,3.38,11,75000,10,79235,-74856
2019-04-10,03:36:47,485,1.18,15,125000,10,130271,-130058
2019-04-10,03:36:59,486,3.35,15,125000,10,133875,-121769
2019-04-10,03:37:27,487,6.04,9,1000,10,2862,-195
2019-04-10,03:38:05,488,7.51,20,125000,10,131879,414270
2019-04-10,03:38:46,489,1.53,21,10000,10,19450,-17156
2019-04-10,03:39:01,490,2.28,20,10000,10,28912,12400
2019-04-10,03:39:23,491,2.07,19,75668,10,92590,-91127
2019-04-10,03:39:43,492,1.46,18,75000,10,85904,-79553
2019-04-10,03:39:58,493,1.20,12,10000,10,13471,-13448
2019-04-10,03:40:09,494,3.02,9,10000,10,11910,43
2019-04-10,03:40:35,495,2.22,15,75000,10,89057,-88359
2019-04-10,03:40:57,496,1.92,14,75000,10,92536,-88948
2019-04-10,03:41:16,497,8.72,13,10000,10,17727,13140
2019-04-10,03:42:00,498,1.17,16,75000,10,109609,-109598
2019-04-10,03:42:11,499,1.28,12,75000,10,89791,-89253
2019-04-10,03:42:23,500,2.31,12,75000,10,84565,-82382
2019-04-10,03:42:45,501,3.39,15,150000,10,154889,309369
2019-04-10,03:43:13,502,1.10,17,79500,10,85135,-84854
2019-04-10,03:43:23,503,2.38,12,1304,10,3606,177
2019-04-10,03:43:46,504,1.20,13,3300,10,6288,-6265
2019-04-10,03:43:57,505,1.47,13,1304,10,3374,-3351
2019-04-10,03:44:11,506,1.12,12,75000,10,76666,-76655
2019-04-10,03:44:22,507,8.23,10,2004,10,3586,-697
2019-04-10,03:45:05,508,3.28,8,75000,10,76089,-75346
2019-04-10,03:45:32,509,1.37,8,75000,10,75755,-75732
2019-04-10,03:45:46,510,1.58,8,37500,10,38265,-38092
2019-04-10,03:46:01,511,1.50,11,37500,10,59567,-58294
2019-04-10,03:46:16,512,5.00,12,37500,10,51617,-23526
2019-04-10,03:46:51,513,3.53,13,93750,10,110776,159072
2019-04-10,03:47:20,514,7.74,8,82969,10,83384,173263
2019-04-10,03:48:02,515,7.09,15,89450,10,108130,385100
2019-04-10,03:48:43,516,5.42,10,99406,10,101897,-97679
2019-04-10,03:49:19,517,1.48,12,95000,10,105724,-105701
2019-04-10,03:49:34,518,1.31,10,95000,10,99145,-99122
2019-04-10,03:49:47,519,1.27,12,6000,10,15325,-15302
2019-04-10,03:49:59,520,10.11,10,3000,10,4964,3230
2019-04-10,03:50:46,521,1.43,13,95000,10,109569,-108636
2019-04-10,03:50:59,522,2.09,11,95000,10,110895,-110682
2019-04-10,03:51:20,523,1.98,9,97500,10,112155,-112132
2019-04-10,03:51:39,524,1.10,12,97500,10,124076,-124065
2019-04-10,03:51:49,525,4.49,8,97500,10,99934,-99518
2019-04-10,03:52:22,526,5.68,14,97500,10,110457,209975
2019-04-10,03:52:59,527,1.35,16,96095,10,105406,-103733
2019-04-10,03:53:12,528,1.03,7,50000,10,60815,-60815
2019-04-10,03:53:21,529,1.10,9,10000,10,13956,-13945
2019-04-10,03:53:31,530,2.55,8,540,10,2209,-1212
2019-04-10,03:53:54,531,3.20,7,75000,10,75699,151794
2019-04-10,03:54:22,532,1.02,8,75000,10,76337,-76337
2019-04-10,03:54:30,533,2.26,11,75000,10,78031,-77456
2019-04-10,03:54:52,534,1.28,10,76125,10,79439,-77538
2019-04-10,03:55:04,535,1.68,8,500,10,1354,-1331
2019-04-10,03:55:21,536,5.32,9,6355,10,8040,8289
2019-04-10,03:55:57,537,3.19,11,6355,10,13878,16818
2019-04-10,03:56:24,538,29.00,8,500,10,1199,7833
2019-04-10,03:57:28,539,1.30,10,84768,10,87521,-87498
2019-04-10,03:57:41,540,11.12,10,1186,10,2848,2861
2019-04-10,03:58:29,541,8.04,12,75000,10,77401,245173
2019-04-10,03:59:12,542,10.97,11,75000,10,78547,396258
2019-04-10,04:00:00,543,1.40,12,75000,10,80210,-80187
2019-04-10,04:00:13,544,4.58,9,37500,10,38290,-37563
2019-04-10,04:00:47,545,1.01,11,75000,10,90096,-90096
2019-04-10,04:00:55,546,60.97,9,75000,10,77825,2046938
2019-04-10,04:02:11,547,1.42,7,132,10,292,-269
2019-04-10,04:02:25,548,1.50,8,82500,10,92695,-92672
2019-04-10,04:02:40,549,1.59,8,89138,10,94531,-94508
2019-04-10,04:02:56,550,2.80,9,85000,10,87561,-86727
2019-04-10,04:03:21,551,3.48,8,95000,10,96711,-99291
2019-04-10,04:04:46,552,4.06,9,95000,10,97691,-95941
2019-04-10,04:05:17,553,19.10,10,95000,10,101545,410085
2019-04-10,04:06:15,554,1.48,12,88200,10,98618,-98595
2019-04-10,04:06:29,555,1.27,10,87500,10,94270,-94247
2019-04-10,04:06:41,556,3.19,10,87500,10,97004,-79267
2019-04-10,04:07:09,557,8.64,12,97500,10,105151,506072
2019-04-10,04:07:52,558,1.01,10,5008,10,12018,-12018
2019-04-10,04:08:01,559,1.14,9,2000,10,2824,-2813
2019-04-10,04:08:11,560,3.76,12,87675,10,94495,-81397
2019-04-10,04:08:41,561,1.92,10,125000,10,133252,-133229
2019-04-10,04:09:00,562,2.49,10,75000,10,77387,-77258
2019-04-10,04:09:23,563,7.75,11,75000,10,81377,411402
2019-04-10,04:10:06,564,1.78,10,75000,10,78988,-78965
2019-04-10,04:10:24,565,5.25,8,75000,10,75695,-75179
2019-04-10,04:10:59,566,4.06,9,176250,10,181910,-181478
2019-04-10,04:11:39,567,4.28,9,173750,10,177005,-176417
2019-04-10,04:12:11,568,1.36,12,250000,10,257723,-257566
2019-04-10,04:12:25,569,1.82,11,175000,10,184227,-183660
2019-04-10,04:12:42,570,2.01,10,175000,10,178921,-178818
2019-04-10,04:13:02,571,2.65,9,150000,10,157867,-147911
2019-04-10,04:13:26,572,4.50,12,175000,10,186735,5026
2019-04-10,04:13:59,573,3.85,11,178500,10,213314,405692
2019-04-10,04:14:30,574,6.62,13,167640,10,181393,569238
2019-04-10,04:15:09,575,2.53,10,167640,10,172977,-172908
2019-04-10,04:15:33,576,5.36,8,178153,10,181820,-174189
2019-04-10,04:16:09,577,34.06,12,165000,10,174003,699538
2019-04-10,04:17:16,578,452.76,13,183250,10,194729,1178574
2019-04-10,04:19:06,579,8.64,24,92081,10,120795,-43849
2019-04-10,04:19:50,580,9.16,23,165000,10,199973,1235389
2019-04-10,04:20:35,581,2.02,18,194750,10,211614,-209571
2019-04-10,04:20:55,582,9.19,22,3141,10,16865,37181
2019-04-10,04:21:39,583,3.14,27,150000,10,201265,-114534
2019-04-10,04:22:07,584,2.51,26,150000,10,178479,-169359
2019-04-10,04:22:30,585,1.65,22,175000,10,215846,-215823
2019-04-10,04:22:46,586,1.48,14,18000,10,33732,-33709
2019-04-10,04:23:01,587,5.08,13,8888,10,23041,29837
2019-04-10,04:23:36,588,1.24,24,150000,10,203127,-200536
2019-04-10,04:23:48,589,25.06,26,150000,10,177629,855344
2019-04-10,04:24:49,590,1.55,25,194500,10,238612,-238062
2019-04-10,04:25:05,591,3.99,24,175000,10,233647,-116002
2019-04-10,04:25:36,592,1.17,20,175000,10,196191,-196180
2019-04-10,04:25:47,593,7.82,19,175000,10,188181,757808
2019-04-10,04:26:29,594,1.33,16,8888,10,38219,-30472
2019-04-10,04:26:42,595,2.10,24,187818,10,232534,-225505
2019-04-10,04:27:02,596,1.15,14,5000,10,17515,-17504
2019-04-10,04:27:13,597,2.80,15,11500,10,30169,15034
2019-04-10,04:27:39,598,4.77,18,5000,10,22615,-4934
2019-04-10,04:28:12,599,1.77,24,175000,10,195510,-195487
2019-04-10,04:28:30,600,4.55,20,175000,10,205019,-137393
2019-04-10,04:29:03,601,1.77,22,225000,10,257783,-257610
2019-04-10,04:29:21,602,11.61,25,275000,10,323680,982758
2019-04-10,04:30:10,603,1.36,23,5000,10,24107,-23610
2019-04-10,04:30:23,604,3.38,19,3249,10,14294,-5195
2019-04-10,04:30:51,605,1.19,25,191000,10,223826,-223815
2019-04-10,04:31:02,606,4.09,28,87500,10,119012,-76463
2019-04-10,04:31:37,607,5.31,21,187500,10,217064,827468
2019-04-10,04:32:10,608,1.35,29,196875,10,235168,-235145
2019-04-10,04:32:23,609,1.00,23,150000,10,179978,-179978
2019-04-10,04:32:31,610,2.22,21,14200,10,44311,-42924
2019-04-10,04:32:53,611,1.15,23,250000,10,299223,-299212
2019-04-10,04:33:03,612,1.99,24,175000,10,232045,-225780
2019-04-10,04:33:22,613,1.79,20,225000,10,257631,-257608
2019-04-10,04:33:40,614,1.02,22,125000,10,153516,-153516
2019-04-10,04:33:49,615,1.42,21,15000,10,41069,-40974
2019-04-10,04:34:03,616,1.41,16,15000,10,32434,-32411
2019-04-10,04:34:16,617,2.51,12,9999,10,22372,-5949
2019-04-10,04:34:40,618,1.36,15,192796,10,240636,-240613
2019-04-10,04:34:53,619,6.01,21,175000,10,316392,958006
2019-04-10,04:35:31,620,6.88,22,25000,10,54124,51751
2019-04-10,04:36:11,621,242.18,19,192250,10,237475,1402087
2019-04-10,04:37:51,622,1.29,21,192725,10,245418,-241383
2019-04-10,04:38:03,623,4.09,14,175000,10,194946,-150868
